subconn,sec_list_sub,sec_list,secs,conn_name,pre_pop,post_pop
"E->E2,3,4",proximal,dend_all,"Adend1, Adend2, Adend3, Bdend","EE_CT5A_IT2_2
EE_CT5A_IT3_3
EE_CT5A_ITP4_4
EE_CT5A_ITS4_4
EE_CT5B_IT2_2
EE_CT5B_IT3_3
EE_CT5B_ITP4_4
EE_CT5B_ITS4_4
EE_CT6_IT2_2
EE_CT6_IT3_3
EE_CT6_ITP4_4
EE_CT6_ITS4_4
EE_IT2_IT2_2
EE_IT2_IT3_3
EE_IT2_ITP4_4
EE_IT2_ITS4_4
EE_IT3_IT2_2
EE_IT3_IT3_3
EE_IT3_ITP4_4
EE_IT3_ITS4_4
EE_IT5A_IT2_2
EE_IT5A_IT3_3
EE_IT5A_ITP4_4
EE_IT5A_ITS4_4
EE_IT5B_IT2_2
EE_IT5B_IT3_3
EE_IT5B_ITP4_4
EE_IT5B_ITS4_4
EE_IT6_IT2_2
EE_IT6_IT3_3
EE_IT6_ITP4_4
EE_IT6_ITS4_4
EE_ITP4_IT2_2
EE_ITP4_IT3_3
EE_ITP4_ITP4_4
EE_ITP4_ITS4_4
EE_ITS4_IT2_2
EE_ITS4_IT3_3
EE_ITS4_ITP4_4
EE_ITS4_ITS4_4
EE_PT5B_IT2_2
EE_PT5B_IT3_3
EE_PT5B_ITP4_4
EE_PT5B_ITS4_4","CT5A, CT5B, CT6, IT2, IT3, IT5A, IT5B, IT6, ITP4, ITS4, PT5B","IT2, IT3, ITP4, ITS4"
"E->E5,6",all,dend_all,"Adend1, Adend2, Adend3, Bdend","EE_CT5A_CT5A_5A
EE_CT5A_CT5B_5B
EE_CT5A_CT6_6
EE_CT5A_IT5A_5A
EE_CT5A_IT5B_5B
EE_CT5A_IT6_6
EE_CT5A_PT5B_5B
EE_CT5B_CT5A_5A
EE_CT5B_CT5B_5B
EE_CT5B_CT6_6
EE_CT5B_IT5A_5A
EE_CT5B_IT5B_5B
EE_CT5B_IT6_6
EE_CT5B_PT5B_5B
EE_CT6_CT5A_5A
EE_CT6_CT5B_5B
EE_CT6_CT6_6
EE_CT6_IT5A_5A
EE_CT6_IT5B_5B
EE_CT6_IT6_6
EE_CT6_PT5B_5B
EE_IT2_CT5A_5A
EE_IT2_CT5B_5B
EE_IT2_CT6_6
EE_IT2_IT5A_5A
EE_IT2_IT5B_5B
EE_IT2_IT6_6
EE_IT2_PT5B_5B
EE_IT3_CT5A_5A
EE_IT3_CT5B_5B
EE_IT3_CT6_6
EE_IT3_IT5A_5A
EE_IT3_IT5B_5B
EE_IT3_IT6_6
EE_IT3_PT5B_5B
EE_IT5A_CT5A_5A
EE_IT5A_CT5B_5B
EE_IT5A_CT6_6
EE_IT5A_IT5A_5A
EE_IT5A_IT5B_5B
EE_IT5A_IT6_6
EE_IT5A_PT5B_5B
EE_IT5B_CT5A_5A
EE_IT5B_CT5B_5B
EE_IT5B_CT6_6
EE_IT5B_IT5A_5A
EE_IT5B_IT5B_5B
EE_IT5B_IT6_6
EE_IT5B_PT5B_5B
EE_IT6_CT5A_5A
EE_IT6_CT5B_5B
EE_IT6_CT6_6
EE_IT6_IT5A_5A
EE_IT6_IT5B_5B
EE_IT6_IT6_6
EE_IT6_PT5B_5B
EE_ITP4_CT5A_5A
EE_ITP4_CT5B_5B
EE_ITP4_CT6_6
EE_ITP4_IT5A_5A
EE_ITP4_IT5B_5B
EE_ITP4_IT6_6
EE_ITP4_PT5B_5B
EE_ITS4_CT5A_5A
EE_ITS4_CT5B_5B
EE_ITS4_CT6_6
EE_ITS4_IT5A_5A
EE_ITS4_IT5B_5B
EE_ITS4_IT6_6
EE_ITS4_PT5B_5B
EE_PT5B_CT5A_5A
EE_PT5B_CT5B_5B
EE_PT5B_CT6_6
EE_PT5B_IT5A_5A
EE_PT5B_IT5B_5B
EE_PT5B_IT6_6
EE_PT5B_PT5B_5B","CT5A, CT5B, CT6, IT2, IT3, IT5A, IT5B, IT6, ITP4, ITS4, PT5B","CT5A, CT5B, CT6, IT5A, IT5B, IT6, PT5B"
E->I,all,proximal,"soma, dend","EI_CT5A_NGF1_NGF_1
EI_CT5A_NGF2_NGF_2
EI_CT5A_NGF3_NGF_3
EI_CT5A_NGF4_NGF_4
EI_CT5A_NGF5A_NGF_5A
EI_CT5A_NGF5B_NGF_5B
EI_CT5A_NGF6_NGF_6
EI_CT5A_PV2_PV_2
EI_CT5A_PV3_PV_3
EI_CT5A_PV4_PV_4
EI_CT5A_PV5A_PV_5A
EI_CT5A_PV5B_PV_5B
EI_CT5A_PV6_PV_6
EI_CT5A_SOM2_SOM_2
EI_CT5A_SOM3_SOM_3
EI_CT5A_SOM4_SOM_4
EI_CT5A_SOM5A_SOM_5A
EI_CT5A_SOM5B_SOM_5B
EI_CT5A_SOM6_SOM_6
EI_CT5B_NGF1_NGF_1
EI_CT5B_NGF2_NGF_2
EI_CT5B_NGF3_NGF_3
EI_CT5B_NGF4_NGF_4
EI_CT5B_NGF5A_NGF_5A
EI_CT5B_NGF5B_NGF_5B
EI_CT5B_NGF6_NGF_6
EI_CT5B_PV2_PV_2
EI_CT5B_PV3_PV_3
EI_CT5B_PV4_PV_4
EI_CT5B_PV5A_PV_5A
EI_CT5B_PV5B_PV_5B
EI_CT5B_PV6_PV_6
EI_CT5B_SOM2_SOM_2
EI_CT5B_SOM3_SOM_3
EI_CT5B_SOM4_SOM_4
EI_CT5B_SOM5A_SOM_5A
EI_CT5B_SOM5B_SOM_5B
EI_CT5B_SOM6_SOM_6
EI_CT6_NGF1_NGF_1
EI_CT6_NGF2_NGF_2
EI_CT6_NGF3_NGF_3
EI_CT6_NGF4_NGF_4
EI_CT6_NGF5A_NGF_5A
EI_CT6_NGF5B_NGF_5B
EI_CT6_NGF6_NGF_6
EI_CT6_PV2_PV_2
EI_CT6_PV3_PV_3
EI_CT6_PV4_PV_4
EI_CT6_PV5A_PV_5A
EI_CT6_PV5B_PV_5B
EI_CT6_PV6_PV_6
EI_CT6_SOM2_SOM_2
EI_CT6_SOM3_SOM_3
EI_CT6_SOM4_SOM_4
EI_CT6_SOM5A_SOM_5A
EI_CT6_SOM5B_SOM_5B
EI_CT6_SOM6_SOM_6
EI_IT2_NGF1_NGF_1
EI_IT2_NGF2_NGF_2
EI_IT2_NGF3_NGF_3
EI_IT2_NGF4_NGF_4
EI_IT2_NGF5A_NGF_5A
EI_IT2_NGF5B_NGF_5B
EI_IT2_NGF6_NGF_6
EI_IT2_PV2_PV_2
EI_IT2_PV3_PV_3
EI_IT2_PV4_PV_4
EI_IT2_PV5A_PV_5A
EI_IT2_PV5B_PV_5B
EI_IT2_PV6_PV_6
EI_IT2_SOM2_SOM_2
EI_IT2_SOM3_SOM_3
EI_IT2_SOM4_SOM_4
EI_IT2_SOM5A_SOM_5A
EI_IT2_SOM5B_SOM_5B
EI_IT2_SOM6_SOM_6
EI_IT3_NGF1_NGF_1
EI_IT3_NGF2_NGF_2
EI_IT3_NGF3_NGF_3
EI_IT3_NGF4_NGF_4
EI_IT3_NGF5A_NGF_5A
EI_IT3_NGF5B_NGF_5B
EI_IT3_NGF6_NGF_6
EI_IT3_PV2_PV_2
EI_IT3_PV3_PV_3
EI_IT3_PV4_PV_4
EI_IT3_PV5A_PV_5A
EI_IT3_PV5B_PV_5B
EI_IT3_PV6_PV_6
EI_IT3_SOM2_SOM_2
EI_IT3_SOM3_SOM_3
EI_IT3_SOM4_SOM_4
EI_IT3_SOM5A_SOM_5A
EI_IT3_SOM5B_SOM_5B
EI_IT3_SOM6_SOM_6
EI_IT5A_NGF1_NGF_1
EI_IT5A_NGF2_NGF_2
EI_IT5A_NGF3_NGF_3
EI_IT5A_NGF4_NGF_4
EI_IT5A_NGF5A_NGF_5A
EI_IT5A_NGF5B_NGF_5B
EI_IT5A_NGF6_NGF_6
EI_IT5A_PV2_PV_2
EI_IT5A_PV3_PV_3
EI_IT5A_PV4_PV_4
EI_IT5A_PV5A_PV_5A
EI_IT5A_PV5B_PV_5B
EI_IT5A_PV6_PV_6
EI_IT5A_SOM2_SOM_2
EI_IT5A_SOM3_SOM_3
EI_IT5A_SOM4_SOM_4
EI_IT5A_SOM5A_SOM_5A
EI_IT5A_SOM5B_SOM_5B
EI_IT5A_SOM6_SOM_6
EI_IT5B_NGF1_NGF_1
EI_IT5B_NGF2_NGF_2
EI_IT5B_NGF3_NGF_3
EI_IT5B_NGF4_NGF_4
EI_IT5B_NGF5A_NGF_5A
EI_IT5B_NGF5B_NGF_5B
EI_IT5B_NGF6_NGF_6
EI_IT5B_PV2_PV_2
EI_IT5B_PV3_PV_3
EI_IT5B_PV4_PV_4
EI_IT5B_PV5A_PV_5A
EI_IT5B_PV5B_PV_5B
EI_IT5B_PV6_PV_6
EI_IT5B_SOM2_SOM_2
EI_IT5B_SOM3_SOM_3
EI_IT5B_SOM4_SOM_4
EI_IT5B_SOM5A_SOM_5A
EI_IT5B_SOM5B_SOM_5B
EI_IT5B_SOM6_SOM_6
EI_IT6_NGF1_NGF_1
EI_IT6_NGF2_NGF_2
EI_IT6_NGF3_NGF_3
EI_IT6_NGF4_NGF_4
EI_IT6_NGF5A_NGF_5A
EI_IT6_NGF5B_NGF_5B
EI_IT6_NGF6_NGF_6
EI_IT6_PV2_PV_2
EI_IT6_PV3_PV_3
EI_IT6_PV4_PV_4
EI_IT6_PV5A_PV_5A
EI_IT6_PV5B_PV_5B
EI_IT6_PV6_PV_6
EI_IT6_SOM2_SOM_2
EI_IT6_SOM3_SOM_3
EI_IT6_SOM4_SOM_4
EI_IT6_SOM5A_SOM_5A
EI_IT6_SOM5B_SOM_5B
EI_IT6_SOM6_SOM_6
EI_ITP4_NGF1_NGF_1
EI_ITP4_NGF2_NGF_2
EI_ITP4_NGF3_NGF_3
EI_ITP4_NGF4_NGF_4
EI_ITP4_NGF5A_NGF_5A
EI_ITP4_NGF5B_NGF_5B
EI_ITP4_NGF6_NGF_6
EI_ITP4_PV2_PV_2
EI_ITP4_PV3_PV_3
EI_ITP4_PV4_PV_4
EI_ITP4_PV5A_PV_5A
EI_ITP4_PV5B_PV_5B
EI_ITP4_PV6_PV_6
EI_ITP4_SOM2_SOM_2
EI_ITP4_SOM3_SOM_3
EI_ITP4_SOM4_SOM_4
EI_ITP4_SOM5A_SOM_5A
EI_ITP4_SOM5B_SOM_5B
EI_ITP4_SOM6_SOM_6
EI_ITS4_NGF1_NGF_1
EI_ITS4_NGF2_NGF_2
EI_ITS4_NGF3_NGF_3
EI_ITS4_NGF4_NGF_4
EI_ITS4_NGF5A_NGF_5A
EI_ITS4_NGF5B_NGF_5B
EI_ITS4_NGF6_NGF_6
EI_ITS4_PV2_PV_2
EI_ITS4_PV3_PV_3
EI_ITS4_PV4_PV_4
EI_ITS4_PV5A_PV_5A
EI_ITS4_PV5B_PV_5B
EI_ITS4_PV6_PV_6
EI_ITS4_SOM2_SOM_2
EI_ITS4_SOM3_SOM_3
EI_ITS4_SOM4_SOM_4
EI_ITS4_SOM5A_SOM_5A
EI_ITS4_SOM5B_SOM_5B
EI_ITS4_SOM6_SOM_6
EI_PT5B_NGF1_NGF_1
EI_PT5B_NGF2_NGF_2
EI_PT5B_NGF3_NGF_3
EI_PT5B_NGF4_NGF_4
EI_PT5B_NGF5A_NGF_5A
EI_PT5B_NGF5B_NGF_5B
EI_PT5B_NGF6_NGF_6
EI_PT5B_PV2_PV_2
EI_PT5B_PV3_PV_3
EI_PT5B_PV4_PV_4
EI_PT5B_PV5A_PV_5A
EI_PT5B_PV5B_PV_5B
EI_PT5B_PV6_PV_6
EI_PT5B_SOM2_SOM_2
EI_PT5B_SOM3_SOM_3
EI_PT5B_SOM4_SOM_4
EI_PT5B_SOM5A_SOM_5A
EI_PT5B_SOM5B_SOM_5B
EI_PT5B_SOM6_SOM_6","CT5A, CT5B, CT6, IT2, IT3, IT5A, IT5B, IT6, ITP4, ITS4, PT5B","NGF1, NGF2, NGF3, NGF4, NGF5A, NGF5B, NGF6, PV2, PV3, PV4, PV5A, PV5B, PV6, SOM2, SOM3, SOM4, SOM5A, SOM5B, SOM6"
E->I,all,proximal,"soma, rad1, ori1","EI_CT5A_VIP2_VIP_2
EI_CT5A_VIP3_VIP_3
EI_CT5A_VIP4_VIP_4
EI_CT5A_VIP5A_VIP_5A
EI_CT5A_VIP5B_VIP_5B
EI_CT5A_VIP6_VIP_6
EI_CT5B_VIP2_VIP_2
EI_CT5B_VIP3_VIP_3
EI_CT5B_VIP4_VIP_4
EI_CT5B_VIP5A_VIP_5A
EI_CT5B_VIP5B_VIP_5B
EI_CT5B_VIP6_VIP_6
EI_CT6_VIP2_VIP_2
EI_CT6_VIP3_VIP_3
EI_CT6_VIP4_VIP_4
EI_CT6_VIP5A_VIP_5A
EI_CT6_VIP5B_VIP_5B
EI_CT6_VIP6_VIP_6
EI_IT2_VIP2_VIP_2
EI_IT2_VIP3_VIP_3
EI_IT2_VIP4_VIP_4
EI_IT2_VIP5A_VIP_5A
EI_IT2_VIP5B_VIP_5B
EI_IT2_VIP6_VIP_6
EI_IT3_VIP2_VIP_2
EI_IT3_VIP3_VIP_3
EI_IT3_VIP4_VIP_4
EI_IT3_VIP5A_VIP_5A
EI_IT3_VIP5B_VIP_5B
EI_IT3_VIP6_VIP_6
EI_IT5A_VIP2_VIP_2
EI_IT5A_VIP3_VIP_3
EI_IT5A_VIP4_VIP_4
EI_IT5A_VIP5A_VIP_5A
EI_IT5A_VIP5B_VIP_5B
EI_IT5A_VIP6_VIP_6
EI_IT5B_VIP2_VIP_2
EI_IT5B_VIP3_VIP_3
EI_IT5B_VIP4_VIP_4
EI_IT5B_VIP5A_VIP_5A
EI_IT5B_VIP5B_VIP_5B
EI_IT5B_VIP6_VIP_6
EI_IT6_VIP2_VIP_2
EI_IT6_VIP3_VIP_3
EI_IT6_VIP4_VIP_4
EI_IT6_VIP5A_VIP_5A
EI_IT6_VIP5B_VIP_5B
EI_IT6_VIP6_VIP_6
EI_ITP4_VIP2_VIP_2
EI_ITP4_VIP3_VIP_3
EI_ITP4_VIP4_VIP_4
EI_ITP4_VIP5A_VIP_5A
EI_ITP4_VIP5B_VIP_5B
EI_ITP4_VIP6_VIP_6
EI_ITS4_VIP2_VIP_2
EI_ITS4_VIP3_VIP_3
EI_ITS4_VIP4_VIP_4
EI_ITS4_VIP5A_VIP_5A
EI_ITS4_VIP5B_VIP_5B
EI_ITS4_VIP6_VIP_6
EI_PT5B_VIP2_VIP_2
EI_PT5B_VIP3_VIP_3
EI_PT5B_VIP4_VIP_4
EI_PT5B_VIP5A_VIP_5A
EI_PT5B_VIP5B_VIP_5B
EI_PT5B_VIP6_VIP_6","CT5A, CT5B, CT6, IT2, IT3, IT5A, IT5B, IT6, ITP4, ITS4, PT5B","VIP2, VIP3, VIP4, VIP5A, VIP5B, VIP6"
NGF1->E,apic_tuft,proximal,"soma, Bdend, Adend1","IE_NGF1_NGF_CT5A_5A
IE_NGF1_NGF_CT5B_5B
IE_NGF1_NGF_CT6_6
IE_NGF1_NGF_IT2_2
IE_NGF1_NGF_IT3_3
IE_NGF1_NGF_IT5A_5A
IE_NGF1_NGF_IT5B_5B
IE_NGF1_NGF_IT6_6
IE_NGF1_NGF_ITP4_4
IE_NGF1_NGF_ITS4_4
IE_NGF1_NGF_PT5B_5B",NGF1,"CT5A, CT5B, CT6, IT2, IT3, IT5A, IT5B, IT6, ITP4, ITS4, PT5B"
"NGF2,3,4->E2,3,4",apic_trunk,proximal,"soma, Bdend, Adend1","IE_NGF2_NGF_IT2_2
IE_NGF2_NGF_IT3_3
IE_NGF2_NGF_ITP4_4
IE_NGF2_NGF_ITS4_4
IE_NGF3_NGF_IT2_2
IE_NGF3_NGF_IT3_3
IE_NGF3_NGF_ITP4_4
IE_NGF3_NGF_ITS4_4
IE_NGF4_NGF_IT2_2
IE_NGF4_NGF_IT3_3
IE_NGF4_NGF_ITP4_4
IE_NGF4_NGF_ITS4_4","NGF2, NGF3, NGF4","IT2, IT3, ITP4, ITS4"
"NGF2,3,4->E5,6",apic_uppertrunk,proximal,"soma, Bdend, Adend1","IE_NGF2_NGF_CT5A_5A
IE_NGF2_NGF_CT5B_5B
IE_NGF2_NGF_CT6_6
IE_NGF2_NGF_IT5A_5A
IE_NGF2_NGF_IT5B_5B
IE_NGF2_NGF_IT6_6
IE_NGF2_NGF_PT5B_5B
IE_NGF3_NGF_CT5A_5A
IE_NGF3_NGF_CT5B_5B
IE_NGF3_NGF_CT6_6
IE_NGF3_NGF_IT5A_5A
IE_NGF3_NGF_IT5B_5B
IE_NGF3_NGF_IT6_6
IE_NGF3_NGF_PT5B_5B
IE_NGF4_NGF_CT5A_5A
IE_NGF4_NGF_CT5B_5B
IE_NGF4_NGF_CT6_6
IE_NGF4_NGF_IT5A_5A
IE_NGF4_NGF_IT5B_5B
IE_NGF4_NGF_IT6_6
IE_NGF4_NGF_PT5B_5B","NGF2, NGF3, NGF4","CT5A, CT5B, CT6, IT5A, IT5B, IT6, PT5B"
"NGF5,6->E5,6",apic_lowertrunk,proximal,"soma, Bdend, Adend1","IE_NGF5A_NGF_CT5A_5A
IE_NGF5A_NGF_CT5B_5B
IE_NGF5A_NGF_CT6_6
IE_NGF5A_NGF_IT5A_5A
IE_NGF5A_NGF_IT5B_5B
IE_NGF5A_NGF_IT6_6
IE_NGF5A_NGF_PT5B_5B
IE_NGF5B_NGF_CT5A_5A
IE_NGF5B_NGF_CT5B_5B
IE_NGF5B_NGF_CT6_6
IE_NGF5B_NGF_IT5A_5A
IE_NGF5B_NGF_IT5B_5B
IE_NGF5B_NGF_IT6_6
IE_NGF5B_NGF_PT5B_5B
IE_NGF6_NGF_CT5A_5A
IE_NGF6_NGF_CT5B_5B
IE_NGF6_NGF_CT6_6
IE_NGF6_NGF_IT5A_5A
IE_NGF6_NGF_IT5B_5B
IE_NGF6_NGF_IT6_6
IE_NGF6_NGF_PT5B_5B","NGF5A, NGF5B, NGF6","CT5A, CT5B, CT6, IT5A, IT5B, IT6, PT5B"
PV->E,proximal,proximal,"soma, Bdend, Adend1","IE_PV2_PV_CT5A_5A
IE_PV2_PV_CT5B_5B
IE_PV2_PV_CT6_6
IE_PV2_PV_IT2_2
IE_PV2_PV_IT3_3
IE_PV2_PV_IT5A_5A
IE_PV2_PV_IT5B_5B
IE_PV2_PV_IT6_6
IE_PV2_PV_ITP4_4
IE_PV2_PV_ITS4_4
IE_PV2_PV_PT5B_5B
IE_PV3_PV_CT5A_5A
IE_PV3_PV_CT5B_5B
IE_PV3_PV_CT6_6
IE_PV3_PV_IT2_2
IE_PV3_PV_IT3_3
IE_PV3_PV_IT5A_5A
IE_PV3_PV_IT5B_5B
IE_PV3_PV_IT6_6
IE_PV3_PV_ITP4_4
IE_PV3_PV_ITS4_4
IE_PV3_PV_PT5B_5B
IE_PV4_PV_CT5A_5A
IE_PV4_PV_CT5B_5B
IE_PV4_PV_CT6_6
IE_PV4_PV_IT2_2
IE_PV4_PV_IT3_3
IE_PV4_PV_IT5A_5A
IE_PV4_PV_IT5B_5B
IE_PV4_PV_IT6_6
IE_PV4_PV_ITP4_4
IE_PV4_PV_ITS4_4
IE_PV4_PV_PT5B_5B
IE_PV5A_PV_CT5A_5A
IE_PV5A_PV_CT5B_5B
IE_PV5A_PV_CT6_6
IE_PV5A_PV_IT2_2
IE_PV5A_PV_IT3_3
IE_PV5A_PV_IT5A_5A
IE_PV5A_PV_IT5B_5B
IE_PV5A_PV_IT6_6
IE_PV5A_PV_ITP4_4
IE_PV5A_PV_ITS4_4
IE_PV5A_PV_PT5B_5B
IE_PV5B_PV_CT5A_5A
IE_PV5B_PV_CT5B_5B
IE_PV5B_PV_CT6_6
IE_PV5B_PV_IT2_2
IE_PV5B_PV_IT3_3
IE_PV5B_PV_IT5A_5A
IE_PV5B_PV_IT5B_5B
IE_PV5B_PV_IT6_6
IE_PV5B_PV_ITP4_4
IE_PV5B_PV_ITS4_4
IE_PV5B_PV_PT5B_5B
IE_PV6_PV_CT5A_5A
IE_PV6_PV_CT5B_5B
IE_PV6_PV_CT6_6
IE_PV6_PV_IT2_2
IE_PV6_PV_IT3_3
IE_PV6_PV_IT5A_5A
IE_PV6_PV_IT5B_5B
IE_PV6_PV_IT6_6
IE_PV6_PV_ITP4_4
IE_PV6_PV_ITS4_4
IE_PV6_PV_PT5B_5B","PV2, PV3, PV4, PV5A, PV5B, PV6","CT5A, CT5B, CT6, IT2, IT3, IT5A, IT5B, IT6, ITP4, ITS4, PT5B"
SOM->E,dend_all,proximal,"soma, Bdend, Adend1","IE_SOM2_SOM_CT5A_5A
IE_SOM2_SOM_CT5B_5B
IE_SOM2_SOM_CT6_6
IE_SOM2_SOM_IT2_2
IE_SOM2_SOM_IT3_3
IE_SOM2_SOM_IT5A_5A
IE_SOM2_SOM_IT5B_5B
IE_SOM2_SOM_IT6_6
IE_SOM2_SOM_ITP4_4
IE_SOM2_SOM_ITS4_4
IE_SOM2_SOM_PT5B_5B
IE_SOM3_SOM_CT5A_5A
IE_SOM3_SOM_CT5B_5B
IE_SOM3_SOM_CT6_6
IE_SOM3_SOM_IT2_2
IE_SOM3_SOM_IT3_3
IE_SOM3_SOM_IT5A_5A
IE_SOM3_SOM_IT5B_5B
IE_SOM3_SOM_IT6_6
IE_SOM3_SOM_ITP4_4
IE_SOM3_SOM_ITS4_4
IE_SOM3_SOM_PT5B_5B
IE_SOM4_SOM_CT5A_5A
IE_SOM4_SOM_CT5B_5B
IE_SOM4_SOM_CT6_6
IE_SOM4_SOM_IT2_2
IE_SOM4_SOM_IT3_3
IE_SOM4_SOM_IT5A_5A
IE_SOM4_SOM_IT5B_5B
IE_SOM4_SOM_IT6_6
IE_SOM4_SOM_ITP4_4
IE_SOM4_SOM_ITS4_4
IE_SOM4_SOM_PT5B_5B
IE_SOM5A_SOM_CT5A_5A
IE_SOM5A_SOM_CT5B_5B
IE_SOM5A_SOM_CT6_6
IE_SOM5A_SOM_IT2_2
IE_SOM5A_SOM_IT3_3
IE_SOM5A_SOM_IT5A_5A
IE_SOM5A_SOM_IT5B_5B
IE_SOM5A_SOM_IT6_6
IE_SOM5A_SOM_ITP4_4
IE_SOM5A_SOM_ITS4_4
IE_SOM5A_SOM_PT5B_5B
IE_SOM5B_SOM_CT5A_5A
IE_SOM5B_SOM_CT5B_5B
IE_SOM5B_SOM_CT6_6
IE_SOM5B_SOM_IT2_2
IE_SOM5B_SOM_IT3_3
IE_SOM5B_SOM_IT5A_5A
IE_SOM5B_SOM_IT5B_5B
IE_SOM5B_SOM_IT6_6
IE_SOM5B_SOM_ITP4_4
IE_SOM5B_SOM_ITS4_4
IE_SOM5B_SOM_PT5B_5B
IE_SOM6_SOM_CT5A_5A
IE_SOM6_SOM_CT5B_5B
IE_SOM6_SOM_CT6_6
IE_SOM6_SOM_IT2_2
IE_SOM6_SOM_IT3_3
IE_SOM6_SOM_IT5A_5A
IE_SOM6_SOM_IT5B_5B
IE_SOM6_SOM_IT6_6
IE_SOM6_SOM_ITP4_4
IE_SOM6_SOM_ITS4_4
IE_SOM6_SOM_PT5B_5B","SOM2, SOM3, SOM4, SOM5A, SOM5B, SOM6","CT5A, CT5B, CT6, IT2, IT3, IT5A, IT5B, IT6, ITP4, ITS4, PT5B"
TC->E,proximal,,soma,"ThCx_HTC_CT5A
ThCx_HTC_CT5B
ThCx_HTC_CT6
ThCx_HTC_IT3
ThCx_HTC_IT5A
ThCx_HTC_IT5B
ThCx_HTC_IT6
ThCx_HTC_ITP4
ThCx_HTC_ITS4
ThCx_HTC_PT5B
ThCx_TCM_CT5A
ThCx_TCM_CT5B
ThCx_TCM_CT6
ThCx_TCM_IT2
ThCx_TCM_IT3
ThCx_TCM_IT5A
ThCx_TCM_IT5B
ThCx_TCM_IT6
ThCx_TCM_PT5B
ThCx_TC_CT5A
ThCx_TC_CT5B
ThCx_TC_CT6
ThCx_TC_IT3
ThCx_TC_IT5A
ThCx_TC_IT5B
ThCx_TC_IT6
ThCx_TC_ITP4
ThCx_TC_ITS4
ThCx_TC_PT5B","HTC, TCM, TC","CT5A, CT5B, CT6, IT3, IT5A, IT5B, IT6, ITP4, ITS4, PT5B, IT2"
,,dend_all,"Adend1, Adend2, Adend3, Bdend","frz_EE_CT5A_CT5A_5A
frz_EE_CT5A_CT5B_5B
frz_EE_CT5A_CT6_6
frz_EE_CT5A_IT2_2
frz_EE_CT5A_IT3_3
frz_EE_CT5A_IT5A_5A
frz_EE_CT5A_IT5B_5B
frz_EE_CT5A_IT6_6
frz_EE_CT5A_ITP4_4
frz_EE_CT5A_ITS4_4
frz_EE_CT5A_PT5B_5B
frz_EE_CT5B_CT5A_5A
frz_EE_CT5B_CT5B_5B
frz_EE_CT5B_CT6_6
frz_EE_CT5B_IT2_2
frz_EE_CT5B_IT3_3
frz_EE_CT5B_IT5A_5A
frz_EE_CT5B_IT5B_5B
frz_EE_CT5B_IT6_6
frz_EE_CT5B_ITP4_4
frz_EE_CT5B_ITS4_4
frz_EE_CT5B_PT5B_5B
frz_EE_CT6_CT5A_5A
frz_EE_CT6_CT5B_5B
frz_EE_CT6_CT6_6
frz_EE_CT6_IT2_2
frz_EE_CT6_IT3_3
frz_EE_CT6_IT5A_5A
frz_EE_CT6_IT5B_5B
frz_EE_CT6_IT6_6
frz_EE_CT6_ITP4_4
frz_EE_CT6_ITS4_4
frz_EE_CT6_PT5B_5B
frz_EE_IT2_CT5A_5A
frz_EE_IT2_CT5B_5B
frz_EE_IT2_CT6_6
frz_EE_IT2_IT2_2
frz_EE_IT2_IT3_3
frz_EE_IT2_IT5A_5A
frz_EE_IT2_IT5B_5B
frz_EE_IT2_IT6_6
frz_EE_IT2_ITP4_4
frz_EE_IT2_ITS4_4
frz_EE_IT2_PT5B_5B
frz_EE_IT3_CT5A_5A
frz_EE_IT3_CT5B_5B
frz_EE_IT3_CT6_6
frz_EE_IT3_IT2_2
frz_EE_IT3_IT3_3
frz_EE_IT3_IT5A_5A
frz_EE_IT3_IT5B_5B
frz_EE_IT3_IT6_6
frz_EE_IT3_ITP4_4
frz_EE_IT3_ITS4_4
frz_EE_IT3_PT5B_5B
frz_EE_IT5A_CT5A_5A
frz_EE_IT5A_CT5B_5B
frz_EE_IT5A_CT6_6
frz_EE_IT5A_IT2_2
frz_EE_IT5A_IT3_3
frz_EE_IT5A_IT5A_5A
frz_EE_IT5A_IT5B_5B
frz_EE_IT5A_IT6_6
frz_EE_IT5A_ITP4_4
frz_EE_IT5A_ITS4_4
frz_EE_IT5A_PT5B_5B
frz_EE_IT5B_CT5A_5A
frz_EE_IT5B_CT5B_5B
frz_EE_IT5B_CT6_6
frz_EE_IT5B_IT2_2
frz_EE_IT5B_IT3_3
frz_EE_IT5B_IT5A_5A
frz_EE_IT5B_IT5B_5B
frz_EE_IT5B_IT6_6
frz_EE_IT5B_ITP4_4
frz_EE_IT5B_ITS4_4
frz_EE_IT5B_PT5B_5B
frz_EE_IT6_CT5A_5A
frz_EE_IT6_CT5B_5B
frz_EE_IT6_CT6_6
frz_EE_IT6_IT2_2
frz_EE_IT6_IT3_3
frz_EE_IT6_IT5A_5A
frz_EE_IT6_IT5B_5B
frz_EE_IT6_IT6_6
frz_EE_IT6_ITP4_4
frz_EE_IT6_ITS4_4
frz_EE_IT6_PT5B_5B
frz_EE_ITP4_CT5A_5A
frz_EE_ITP4_CT5B_5B
frz_EE_ITP4_CT6_6
frz_EE_ITP4_IT2_2
frz_EE_ITP4_IT3_3
frz_EE_ITP4_IT5A_5A
frz_EE_ITP4_IT5B_5B
frz_EE_ITP4_IT6_6
frz_EE_ITP4_ITP4_4
frz_EE_ITP4_ITS4_4
frz_EE_ITP4_PT5B_5B
frz_EE_ITS4_CT5A_5A
frz_EE_ITS4_CT5B_5B
frz_EE_ITS4_CT6_6
frz_EE_ITS4_IT2_2
frz_EE_ITS4_IT3_3
frz_EE_ITS4_IT5A_5A
frz_EE_ITS4_IT5B_5B
frz_EE_ITS4_IT6_6
frz_EE_ITS4_ITP4_4
frz_EE_ITS4_ITS4_4
frz_EE_ITS4_PT5B_5B
frz_EE_PT5B_CT5A_5A
frz_EE_PT5B_CT5B_5B
frz_EE_PT5B_CT6_6
frz_EE_PT5B_IT2_2
frz_EE_PT5B_IT3_3
frz_EE_PT5B_IT5A_5A
frz_EE_PT5B_IT5B_5B
frz_EE_PT5B_IT6_6
frz_EE_PT5B_ITP4_4
frz_EE_PT5B_ITS4_4
frz_EE_PT5B_PT5B_5B","CT5Afrz, CT5Bfrz, CT6frz, IT2frz, IT3frz, IT5Afrz, IT5Bfrz, IT6frz, ITP4frz, ITS4frz, PT5Bfrz","CT5A, CT5B, CT6, IT2, IT3, IT5A, IT5B, IT6, ITP4, ITS4, PT5B"
,,,soma,"CxTh_CT5A_HTC
CxTh_CT5A_IRE
CxTh_CT5A_TC
CxTh_CT5A_TI
CxTh_CT5B_HTC
CxTh_CT5B_IRE
CxTh_CT5B_TC
CxTh_CT5B_TI
CxTh_CT6_HTC
CxTh_CT6_IRE
CxTh_CT6_TC
CxTh_CT6_TI
CxTh_IT5B_IREM
CxTh_IT5B_TCM
CxTh_IT5B_TIM
CxTh_PT5B_IREM
CxTh_PT5B_TCM
CxTh_PT5B_TIM
ITh_HTC_HTC
ITh_HTC_IRE
ITh_HTC_IREM
ITh_HTC_TC
ITh_HTC_TI
ITh_HTC_TIM
ITh_IREM_HTC
ITh_IREM_IRE
ITh_IREM_IREM
ITh_IREM_TC
ITh_IREM_TCM
ITh_IREM_TI
ITh_IREM_TIM
ITh_IRE_HTC
ITh_IRE_IRE
ITh_IRE_IREM
ITh_IRE_TC
ITh_IRE_TCM
ITh_IRE_TI
ITh_IRE_TIM
ITh_TCM_IRE
ITh_TCM_IREM
ITh_TCM_TCM
ITh_TCM_TI
ITh_TCM_TIM
ITh_TC_HTC
ITh_TC_IRE
ITh_TC_IREM
ITh_TC_TC
ITh_TC_TI
ITh_TC_TIM
ITh_TIM_HTC
ITh_TIM_TC
ITh_TIM_TCM
ITh_TIM_TIM
ITh_TI_HTC
ITh_TI_TC
ITh_TI_TCM
ITh_TI_TI
PulseSeq->TC
ThCx_HTC_NGF4
ThCx_HTC_NGF5A
ThCx_HTC_NGF5B
ThCx_HTC_NGF6
ThCx_HTC_PV3
ThCx_HTC_PV4
ThCx_HTC_PV5A
ThCx_HTC_PV5B
ThCx_HTC_PV6
ThCx_HTC_SOM4
ThCx_HTC_SOM5A
ThCx_HTC_SOM5B
ThCx_HTC_SOM6
ThCx_TCM_NGF1
ThCx_TCM_NGF2
ThCx_TCM_NGF3
ThCx_TCM_NGF5B
ThCx_TCM_NGF6
ThCx_TCM_PV2
ThCx_TCM_PV3
ThCx_TCM_PV5A
ThCx_TCM_PV5B
ThCx_TCM_PV6
ThCx_TCM_SOM2
ThCx_TCM_SOM3
ThCx_TCM_SOM5A
ThCx_TCM_SOM5B
ThCx_TCM_SOM6
ThCx_TC_NGF4
ThCx_TC_NGF5A
ThCx_TC_NGF5B
ThCx_TC_NGF6
ThCx_TC_PV3
ThCx_TC_PV4
ThCx_TC_PV5A
ThCx_TC_PV5B
ThCx_TC_PV6
ThCx_TC_SOM4
ThCx_TC_SOM5A
ThCx_TC_SOM5B
ThCx_TC_SOM6","CT5A, CT5B, CT6, IT5B, PT5B, HTC, IREM, IRE, TCM, TC, TIM, TI, PulseSeq","HTC, IRE, TC, TI, IREM, TCM, TIM, NGF4, NGF5A, NGF5B, NGF6, PV3, PV4, PV5A, PV5B, PV6, SOM4, SOM5A, SOM5B, SOM6, NGF1, NGF2, NGF3, PV2, SOM2, SOM3"
,,proximal,"soma, Bdend, Adend1","IE_NGF5A_NGF_IT2_2
IE_NGF5A_NGF_IT3_3
IE_NGF5A_NGF_ITP4_4
IE_NGF5A_NGF_ITS4_4
IE_NGF5B_NGF_IT2_2
IE_NGF5B_NGF_IT3_3
IE_NGF5B_NGF_ITP4_4
IE_NGF5B_NGF_ITS4_4
IE_NGF6_NGF_IT2_2
IE_NGF6_NGF_IT3_3
IE_NGF6_NGF_ITP4_4
IE_NGF6_NGF_ITS4_4
IE_VIP2_VIP_CT5A_5A
IE_VIP2_VIP_CT5B_5B
IE_VIP2_VIP_CT6_6
IE_VIP2_VIP_IT2_2
IE_VIP2_VIP_IT3_3
IE_VIP2_VIP_IT5A_5A
IE_VIP2_VIP_IT5B_5B
IE_VIP2_VIP_IT6_6
IE_VIP2_VIP_ITP4_4
IE_VIP2_VIP_ITS4_4
IE_VIP2_VIP_PT5B_5B
IE_VIP3_VIP_CT5A_5A
IE_VIP3_VIP_CT5B_5B
IE_VIP3_VIP_CT6_6
IE_VIP3_VIP_IT2_2
IE_VIP3_VIP_IT3_3
IE_VIP3_VIP_IT5A_5A
IE_VIP3_VIP_IT5B_5B
IE_VIP3_VIP_IT6_6
IE_VIP3_VIP_ITP4_4
IE_VIP3_VIP_ITS4_4
IE_VIP3_VIP_PT5B_5B
IE_VIP4_VIP_CT5A_5A
IE_VIP4_VIP_CT5B_5B
IE_VIP4_VIP_CT6_6
IE_VIP4_VIP_IT2_2
IE_VIP4_VIP_IT3_3
IE_VIP4_VIP_IT5A_5A
IE_VIP4_VIP_IT5B_5B
IE_VIP4_VIP_IT6_6
IE_VIP4_VIP_ITP4_4
IE_VIP4_VIP_ITS4_4
IE_VIP4_VIP_PT5B_5B
IE_VIP5A_VIP_CT5A_5A
IE_VIP5A_VIP_CT5B_5B
IE_VIP5A_VIP_CT6_6
IE_VIP5A_VIP_IT2_2
IE_VIP5A_VIP_IT3_3
IE_VIP5A_VIP_IT5A_5A
IE_VIP5A_VIP_IT5B_5B
IE_VIP5A_VIP_IT6_6
IE_VIP5A_VIP_ITP4_4
IE_VIP5A_VIP_ITS4_4
IE_VIP5A_VIP_PT5B_5B
IE_VIP5B_VIP_CT5A_5A
IE_VIP5B_VIP_CT5B_5B
IE_VIP5B_VIP_CT6_6
IE_VIP5B_VIP_IT2_2
IE_VIP5B_VIP_IT3_3
IE_VIP5B_VIP_IT5A_5A
IE_VIP5B_VIP_IT5B_5B
IE_VIP5B_VIP_IT6_6
IE_VIP5B_VIP_ITP4_4
IE_VIP5B_VIP_ITS4_4
IE_VIP5B_VIP_PT5B_5B
IE_VIP6_VIP_CT5A_5A
IE_VIP6_VIP_CT5B_5B
IE_VIP6_VIP_CT6_6
IE_VIP6_VIP_IT2_2
IE_VIP6_VIP_IT3_3
IE_VIP6_VIP_IT5A_5A
IE_VIP6_VIP_IT5B_5B
IE_VIP6_VIP_IT6_6
IE_VIP6_VIP_ITP4_4
IE_VIP6_VIP_ITS4_4
IE_VIP6_VIP_PT5B_5B","NGF5A, NGF5B, NGF6, VIP2, VIP3, VIP4, VIP5A, VIP5B, VIP6","IT2, IT3, ITP4, ITS4, CT5A, CT5B, CT6, IT5A, IT5B, IT6, PT5B"
,,proximal,"soma, dend","II_NGF1_NGF1_1
II_NGF1_NGF2_2
II_NGF1_NGF3_3
II_NGF1_NGF4_4
II_NGF1_NGF5A_5A
II_NGF1_NGF5B_5B
II_NGF1_NGF6_6
II_NGF1_PV2_2
II_NGF1_PV3_3
II_NGF1_PV4_4
II_NGF1_PV5A_5A
II_NGF1_PV5B_5B
II_NGF1_PV6_6
II_NGF1_SOM2_2
II_NGF1_SOM3_3
II_NGF1_SOM4_4
II_NGF1_SOM5A_5A
II_NGF1_SOM5B_5B
II_NGF1_SOM6_6
II_NGF2_NGF1_1
II_NGF2_NGF2_2
II_NGF2_NGF3_3
II_NGF2_NGF4_4
II_NGF2_NGF5A_5A
II_NGF2_NGF5B_5B
II_NGF2_NGF6_6
II_NGF2_PV2_2
II_NGF2_PV3_3
II_NGF2_PV4_4
II_NGF2_PV5A_5A
II_NGF2_PV5B_5B
II_NGF2_PV6_6
II_NGF2_SOM2_2
II_NGF2_SOM3_3
II_NGF2_SOM4_4
II_NGF2_SOM5A_5A
II_NGF2_SOM5B_5B
II_NGF2_SOM6_6
II_NGF3_NGF1_1
II_NGF3_NGF2_2
II_NGF3_NGF3_3
II_NGF3_NGF4_4
II_NGF3_NGF5A_5A
II_NGF3_NGF5B_5B
II_NGF3_NGF6_6
II_NGF3_PV2_2
II_NGF3_PV3_3
II_NGF3_PV4_4
II_NGF3_PV5A_5A
II_NGF3_PV5B_5B
II_NGF3_PV6_6
II_NGF3_SOM2_2
II_NGF3_SOM3_3
II_NGF3_SOM4_4
II_NGF3_SOM5A_5A
II_NGF3_SOM5B_5B
II_NGF3_SOM6_6
II_NGF4_NGF1_1
II_NGF4_NGF2_2
II_NGF4_NGF3_3
II_NGF4_NGF4_4
II_NGF4_NGF5A_5A
II_NGF4_NGF5B_5B
II_NGF4_NGF6_6
II_NGF4_PV2_2
II_NGF4_PV3_3
II_NGF4_PV4_4
II_NGF4_PV5A_5A
II_NGF4_PV5B_5B
II_NGF4_PV6_6
II_NGF4_SOM2_2
II_NGF4_SOM3_3
II_NGF4_SOM4_4
II_NGF4_SOM5A_5A
II_NGF4_SOM5B_5B
II_NGF4_SOM6_6
II_NGF5A_NGF1_1
II_NGF5A_NGF2_2
II_NGF5A_NGF3_3
II_NGF5A_NGF4_4
II_NGF5A_NGF5A_5A
II_NGF5A_NGF5B_5B
II_NGF5A_NGF6_6
II_NGF5A_PV2_2
II_NGF5A_PV3_3
II_NGF5A_PV4_4
II_NGF5A_PV5A_5A
II_NGF5A_PV5B_5B
II_NGF5A_PV6_6
II_NGF5A_SOM2_2
II_NGF5A_SOM3_3
II_NGF5A_SOM4_4
II_NGF5A_SOM5A_5A
II_NGF5A_SOM5B_5B
II_NGF5A_SOM6_6
II_NGF5B_NGF1_1
II_NGF5B_NGF2_2
II_NGF5B_NGF3_3
II_NGF5B_NGF4_4
II_NGF5B_NGF5A_5A
II_NGF5B_NGF5B_5B
II_NGF5B_NGF6_6
II_NGF5B_PV2_2
II_NGF5B_PV3_3
II_NGF5B_PV4_4
II_NGF5B_PV5A_5A
II_NGF5B_PV5B_5B
II_NGF5B_PV6_6
II_NGF5B_SOM2_2
II_NGF5B_SOM3_3
II_NGF5B_SOM4_4
II_NGF5B_SOM5A_5A
II_NGF5B_SOM5B_5B
II_NGF5B_SOM6_6
II_NGF6_NGF1_1
II_NGF6_NGF2_2
II_NGF6_NGF3_3
II_NGF6_NGF4_4
II_NGF6_NGF5A_5A
II_NGF6_NGF5B_5B
II_NGF6_NGF6_6
II_NGF6_PV2_2
II_NGF6_PV3_3
II_NGF6_PV4_4
II_NGF6_PV5A_5A
II_NGF6_PV5B_5B
II_NGF6_PV6_6
II_NGF6_SOM2_2
II_NGF6_SOM3_3
II_NGF6_SOM4_4
II_NGF6_SOM5A_5A
II_NGF6_SOM5B_5B
II_NGF6_SOM6_6
II_PV2_NGF1_1
II_PV2_NGF2_2
II_PV2_NGF3_3
II_PV2_NGF4_4
II_PV2_NGF5A_5A
II_PV2_NGF5B_5B
II_PV2_NGF6_6
II_PV2_PV2_2
II_PV2_PV3_3
II_PV2_PV4_4
II_PV2_PV5A_5A
II_PV2_PV5B_5B
II_PV2_PV6_6
II_PV2_SOM2_2
II_PV2_SOM3_3
II_PV2_SOM4_4
II_PV2_SOM5A_5A
II_PV2_SOM5B_5B
II_PV2_SOM6_6
II_PV3_NGF1_1
II_PV3_NGF2_2
II_PV3_NGF3_3
II_PV3_NGF4_4
II_PV3_NGF5A_5A
II_PV3_NGF5B_5B
II_PV3_NGF6_6
II_PV3_PV2_2
II_PV3_PV3_3
II_PV3_PV4_4
II_PV3_PV5A_5A
II_PV3_PV5B_5B
II_PV3_PV6_6
II_PV3_SOM2_2
II_PV3_SOM3_3
II_PV3_SOM4_4
II_PV3_SOM5A_5A
II_PV3_SOM5B_5B
II_PV3_SOM6_6
II_PV4_NGF1_1
II_PV4_NGF2_2
II_PV4_NGF3_3
II_PV4_NGF4_4
II_PV4_NGF5A_5A
II_PV4_NGF5B_5B
II_PV4_NGF6_6
II_PV4_PV2_2
II_PV4_PV3_3
II_PV4_PV4_4
II_PV4_PV5A_5A
II_PV4_PV5B_5B
II_PV4_PV6_6
II_PV4_SOM2_2
II_PV4_SOM3_3
II_PV4_SOM4_4
II_PV4_SOM5A_5A
II_PV4_SOM5B_5B
II_PV4_SOM6_6
II_PV5A_NGF1_1
II_PV5A_NGF2_2
II_PV5A_NGF3_3
II_PV5A_NGF4_4
II_PV5A_NGF5A_5A
II_PV5A_NGF5B_5B
II_PV5A_NGF6_6
II_PV5A_PV2_2
II_PV5A_PV3_3
II_PV5A_PV4_4
II_PV5A_PV5A_5A
II_PV5A_PV5B_5B
II_PV5A_PV6_6
II_PV5A_SOM2_2
II_PV5A_SOM3_3
II_PV5A_SOM4_4
II_PV5A_SOM5A_5A
II_PV5A_SOM5B_5B
II_PV5A_SOM6_6
II_PV5B_NGF1_1
II_PV5B_NGF2_2
II_PV5B_NGF3_3
II_PV5B_NGF4_4
II_PV5B_NGF5A_5A
II_PV5B_NGF5B_5B
II_PV5B_NGF6_6
II_PV5B_PV2_2
II_PV5B_PV3_3
II_PV5B_PV4_4
II_PV5B_PV5A_5A
II_PV5B_PV5B_5B
II_PV5B_PV6_6
II_PV5B_SOM2_2
II_PV5B_SOM3_3
II_PV5B_SOM4_4
II_PV5B_SOM5A_5A
II_PV5B_SOM5B_5B
II_PV5B_SOM6_6
II_PV6_NGF1_1
II_PV6_NGF2_2
II_PV6_NGF3_3
II_PV6_NGF4_4
II_PV6_NGF5A_5A
II_PV6_NGF5B_5B
II_PV6_NGF6_6
II_PV6_PV2_2
II_PV6_PV3_3
II_PV6_PV4_4
II_PV6_PV5A_5A
II_PV6_PV5B_5B
II_PV6_PV6_6
II_PV6_SOM2_2
II_PV6_SOM3_3
II_PV6_SOM4_4
II_PV6_SOM5A_5A
II_PV6_SOM5B_5B
II_PV6_SOM6_6
II_SOM2_NGF1_1
II_SOM2_NGF2_2
II_SOM2_NGF3_3
II_SOM2_NGF4_4
II_SOM2_NGF5A_5A
II_SOM2_NGF5B_5B
II_SOM2_NGF6_6
II_SOM2_PV2_2
II_SOM2_PV3_3
II_SOM2_PV4_4
II_SOM2_PV5A_5A
II_SOM2_PV5B_5B
II_SOM2_PV6_6
II_SOM2_SOM2_2
II_SOM2_SOM3_3
II_SOM2_SOM4_4
II_SOM2_SOM5A_5A
II_SOM2_SOM5B_5B
II_SOM2_SOM6_6
II_SOM3_NGF1_1
II_SOM3_NGF2_2
II_SOM3_NGF3_3
II_SOM3_NGF4_4
II_SOM3_NGF5A_5A
II_SOM3_NGF5B_5B
II_SOM3_NGF6_6
II_SOM3_PV2_2
II_SOM3_PV3_3
II_SOM3_PV4_4
II_SOM3_PV5A_5A
II_SOM3_PV5B_5B
II_SOM3_PV6_6
II_SOM3_SOM2_2
II_SOM3_SOM3_3
II_SOM3_SOM4_4
II_SOM3_SOM5A_5A
II_SOM3_SOM5B_5B
II_SOM3_SOM6_6
II_SOM4_NGF1_1
II_SOM4_NGF2_2
II_SOM4_NGF3_3
II_SOM4_NGF4_4
II_SOM4_NGF5A_5A
II_SOM4_NGF5B_5B
II_SOM4_NGF6_6
II_SOM4_PV2_2
II_SOM4_PV3_3
II_SOM4_PV4_4
II_SOM4_PV5A_5A
II_SOM4_PV5B_5B
II_SOM4_PV6_6
II_SOM4_SOM2_2
II_SOM4_SOM3_3
II_SOM4_SOM4_4
II_SOM4_SOM5A_5A
II_SOM4_SOM5B_5B
II_SOM4_SOM6_6
II_SOM5A_NGF1_1
II_SOM5A_NGF2_2
II_SOM5A_NGF3_3
II_SOM5A_NGF4_4
II_SOM5A_NGF5A_5A
II_SOM5A_NGF5B_5B
II_SOM5A_NGF6_6
II_SOM5A_PV2_2
II_SOM5A_PV3_3
II_SOM5A_PV4_4
II_SOM5A_PV5A_5A
II_SOM5A_PV5B_5B
II_SOM5A_PV6_6
II_SOM5A_SOM2_2
II_SOM5A_SOM3_3
II_SOM5A_SOM4_4
II_SOM5A_SOM5A_5A
II_SOM5A_SOM5B_5B
II_SOM5A_SOM6_6
II_SOM5B_NGF1_1
II_SOM5B_NGF2_2
II_SOM5B_NGF3_3
II_SOM5B_NGF4_4
II_SOM5B_NGF5A_5A
II_SOM5B_NGF5B_5B
II_SOM5B_NGF6_6
II_SOM5B_PV2_2
II_SOM5B_PV3_3
II_SOM5B_PV4_4
II_SOM5B_PV5A_5A
II_SOM5B_PV5B_5B
II_SOM5B_PV6_6
II_SOM5B_SOM2_2
II_SOM5B_SOM3_3
II_SOM5B_SOM4_4
II_SOM5B_SOM5A_5A
II_SOM5B_SOM5B_5B
II_SOM5B_SOM6_6
II_SOM6_NGF1_1
II_SOM6_NGF2_2
II_SOM6_NGF3_3
II_SOM6_NGF4_4
II_SOM6_NGF5A_5A
II_SOM6_NGF5B_5B
II_SOM6_NGF6_6
II_SOM6_PV2_2
II_SOM6_PV3_3
II_SOM6_PV4_4
II_SOM6_PV5A_5A
II_SOM6_PV5B_5B
II_SOM6_PV6_6
II_SOM6_SOM2_2
II_SOM6_SOM3_3
II_SOM6_SOM4_4
II_SOM6_SOM5A_5A
II_SOM6_SOM5B_5B
II_SOM6_SOM6_6
II_VIP2_NGF1_1
II_VIP2_NGF2_2
II_VIP2_NGF3_3
II_VIP2_NGF4_4
II_VIP2_NGF5A_5A
II_VIP2_NGF5B_5B
II_VIP2_NGF6_6
II_VIP2_PV2_2
II_VIP2_PV3_3
II_VIP2_PV4_4
II_VIP2_PV5A_5A
II_VIP2_PV5B_5B
II_VIP2_PV6_6
II_VIP2_SOM2_2
II_VIP2_SOM3_3
II_VIP2_SOM4_4
II_VIP2_SOM5A_5A
II_VIP2_SOM5B_5B
II_VIP2_SOM6_6
II_VIP3_NGF1_1
II_VIP3_NGF2_2
II_VIP3_NGF3_3
II_VIP3_NGF4_4
II_VIP3_NGF5A_5A
II_VIP3_NGF5B_5B
II_VIP3_NGF6_6
II_VIP3_PV2_2
II_VIP3_PV3_3
II_VIP3_PV4_4
II_VIP3_PV5A_5A
II_VIP3_PV5B_5B
II_VIP3_PV6_6
II_VIP3_SOM2_2
II_VIP3_SOM3_3
II_VIP3_SOM4_4
II_VIP3_SOM5A_5A
II_VIP3_SOM5B_5B
II_VIP3_SOM6_6
II_VIP4_NGF1_1
II_VIP4_NGF2_2
II_VIP4_NGF3_3
II_VIP4_NGF4_4
II_VIP4_NGF5A_5A
II_VIP4_NGF5B_5B
II_VIP4_NGF6_6
II_VIP4_PV2_2
II_VIP4_PV3_3
II_VIP4_PV4_4
II_VIP4_PV5A_5A
II_VIP4_PV5B_5B
II_VIP4_PV6_6
II_VIP4_SOM2_2
II_VIP4_SOM3_3
II_VIP4_SOM4_4
II_VIP4_SOM5A_5A
II_VIP4_SOM5B_5B
II_VIP4_SOM6_6
II_VIP5A_NGF1_1
II_VIP5A_NGF2_2
II_VIP5A_NGF3_3
II_VIP5A_NGF4_4
II_VIP5A_NGF5A_5A
II_VIP5A_NGF5B_5B
II_VIP5A_NGF6_6
II_VIP5A_PV2_2
II_VIP5A_PV3_3
II_VIP5A_PV4_4
II_VIP5A_PV5A_5A
II_VIP5A_PV5B_5B
II_VIP5A_PV6_6
II_VIP5A_SOM2_2
II_VIP5A_SOM3_3
II_VIP5A_SOM4_4
II_VIP5A_SOM5A_5A
II_VIP5A_SOM5B_5B
II_VIP5A_SOM6_6
II_VIP5B_NGF1_1
II_VIP5B_NGF2_2
II_VIP5B_NGF3_3
II_VIP5B_NGF4_4
II_VIP5B_NGF5A_5A
II_VIP5B_NGF5B_5B
II_VIP5B_NGF6_6
II_VIP5B_PV2_2
II_VIP5B_PV3_3
II_VIP5B_PV4_4
II_VIP5B_PV5A_5A
II_VIP5B_PV5B_5B
II_VIP5B_PV6_6
II_VIP5B_SOM2_2
II_VIP5B_SOM3_3
II_VIP5B_SOM4_4
II_VIP5B_SOM5A_5A
II_VIP5B_SOM5B_5B
II_VIP5B_SOM6_6
II_VIP6_NGF1_1
II_VIP6_NGF2_2
II_VIP6_NGF3_3
II_VIP6_NGF4_4
II_VIP6_NGF5A_5A
II_VIP6_NGF5B_5B
II_VIP6_NGF6_6
II_VIP6_PV2_2
II_VIP6_PV3_3
II_VIP6_PV4_4
II_VIP6_PV5A_5A
II_VIP6_PV5B_5B
II_VIP6_PV6_6
II_VIP6_SOM2_2
II_VIP6_SOM3_3
II_VIP6_SOM4_4
II_VIP6_SOM5A_5A
II_VIP6_SOM5B_5B
II_VIP6_SOM6_6","NGF1, NGF2, NGF3, NGF4, NGF5A, NGF5B, NGF6, PV2, PV3, PV4, PV5A, PV5B, PV6, SOM2, SOM3, SOM4, SOM5A, SOM5B, SOM6, VIP2, VIP3, VIP4, VIP5A, VIP5B, VIP6","NGF1, NGF2, NGF3, NGF4, NGF5A, NGF5B, NGF6, PV2, PV3, PV4, PV5A, PV5B, PV6, SOM2, SOM3, SOM4, SOM5A, SOM5B, SOM6"
,,proximal,"soma, rad1, ori1","II_NGF1_VIP2_2
II_NGF1_VIP3_3
II_NGF1_VIP4_4
II_NGF1_VIP5A_5A
II_NGF1_VIP5B_5B
II_NGF1_VIP6_6
II_NGF2_VIP2_2
II_NGF2_VIP3_3
II_NGF2_VIP4_4
II_NGF2_VIP5A_5A
II_NGF2_VIP5B_5B
II_NGF2_VIP6_6
II_NGF3_VIP2_2
II_NGF3_VIP3_3
II_NGF3_VIP4_4
II_NGF3_VIP5A_5A
II_NGF3_VIP5B_5B
II_NGF3_VIP6_6
II_NGF4_VIP2_2
II_NGF4_VIP3_3
II_NGF4_VIP4_4
II_NGF4_VIP5A_5A
II_NGF4_VIP5B_5B
II_NGF4_VIP6_6
II_NGF5A_VIP2_2
II_NGF5A_VIP3_3
II_NGF5A_VIP4_4
II_NGF5A_VIP5A_5A
II_NGF5A_VIP5B_5B
II_NGF5A_VIP6_6
II_NGF5B_VIP2_2
II_NGF5B_VIP3_3
II_NGF5B_VIP4_4
II_NGF5B_VIP5A_5A
II_NGF5B_VIP5B_5B
II_NGF5B_VIP6_6
II_NGF6_VIP2_2
II_NGF6_VIP3_3
II_NGF6_VIP4_4
II_NGF6_VIP5A_5A
II_NGF6_VIP5B_5B
II_NGF6_VIP6_6
II_PV2_VIP2_2
II_PV2_VIP3_3
II_PV2_VIP4_4
II_PV2_VIP5A_5A
II_PV2_VIP5B_5B
II_PV2_VIP6_6
II_PV3_VIP2_2
II_PV3_VIP3_3
II_PV3_VIP4_4
II_PV3_VIP5A_5A
II_PV3_VIP5B_5B
II_PV3_VIP6_6
II_PV4_VIP2_2
II_PV4_VIP3_3
II_PV4_VIP4_4
II_PV4_VIP5A_5A
II_PV4_VIP5B_5B
II_PV4_VIP6_6
II_PV5A_VIP2_2
II_PV5A_VIP3_3
II_PV5A_VIP4_4
II_PV5A_VIP5A_5A
II_PV5A_VIP5B_5B
II_PV5A_VIP6_6
II_PV5B_VIP2_2
II_PV5B_VIP3_3
II_PV5B_VIP4_4
II_PV5B_VIP5A_5A
II_PV5B_VIP5B_5B
II_PV5B_VIP6_6
II_PV6_VIP2_2
II_PV6_VIP3_3
II_PV6_VIP4_4
II_PV6_VIP5A_5A
II_PV6_VIP5B_5B
II_PV6_VIP6_6
II_SOM2_VIP2_2
II_SOM2_VIP3_3
II_SOM2_VIP4_4
II_SOM2_VIP5A_5A
II_SOM2_VIP5B_5B
II_SOM2_VIP6_6
II_SOM3_VIP2_2
II_SOM3_VIP3_3
II_SOM3_VIP4_4
II_SOM3_VIP5A_5A
II_SOM3_VIP5B_5B
II_SOM3_VIP6_6
II_SOM4_VIP2_2
II_SOM4_VIP3_3
II_SOM4_VIP4_4
II_SOM4_VIP5A_5A
II_SOM4_VIP5B_5B
II_SOM4_VIP6_6
II_SOM5A_VIP2_2
II_SOM5A_VIP3_3
II_SOM5A_VIP4_4
II_SOM5A_VIP5A_5A
II_SOM5A_VIP5B_5B
II_SOM5A_VIP6_6
II_SOM5B_VIP2_2
II_SOM5B_VIP3_3
II_SOM5B_VIP4_4
II_SOM5B_VIP5A_5A
II_SOM5B_VIP5B_5B
II_SOM5B_VIP6_6
II_SOM6_VIP2_2
II_SOM6_VIP3_3
II_SOM6_VIP4_4
II_SOM6_VIP5A_5A
II_SOM6_VIP5B_5B
II_SOM6_VIP6_6
II_VIP2_VIP2_2
II_VIP2_VIP3_3
II_VIP2_VIP4_4
II_VIP2_VIP5A_5A
II_VIP2_VIP5B_5B
II_VIP2_VIP6_6
II_VIP3_VIP2_2
II_VIP3_VIP3_3
II_VIP3_VIP4_4
II_VIP3_VIP5A_5A
II_VIP3_VIP5B_5B
II_VIP3_VIP6_6
II_VIP4_VIP2_2
II_VIP4_VIP3_3
II_VIP4_VIP4_4
II_VIP4_VIP5A_5A
II_VIP4_VIP5B_5B
II_VIP4_VIP6_6
II_VIP5A_VIP2_2
II_VIP5A_VIP3_3
II_VIP5A_VIP4_4
II_VIP5A_VIP5A_5A
II_VIP5A_VIP5B_5B
II_VIP5A_VIP6_6
II_VIP5B_VIP2_2
II_VIP5B_VIP3_3
II_VIP5B_VIP4_4
II_VIP5B_VIP5A_5A
II_VIP5B_VIP5B_5B
II_VIP5B_VIP6_6
II_VIP6_VIP2_2
II_VIP6_VIP3_3
II_VIP6_VIP4_4
II_VIP6_VIP5A_5A
II_VIP6_VIP5B_5B
II_VIP6_VIP6_6","NGF1, NGF2, NGF3, NGF4, NGF5A, NGF5B, NGF6, PV2, PV3, PV4, PV5A, PV5B, PV6, SOM2, SOM3, SOM4, SOM5A, SOM5B, SOM6, VIP2, VIP3, VIP4, VIP5A, VIP5B, VIP6","VIP2, VIP3, VIP4, VIP5A, VIP5B, VIP6"
